{
    "target": "EBG_class_85_light",
    "sources": [{
            "name": "main",
            "length": 36
        }, {
            "name": "tu0",
            "length": 196
        }, {
            "name": "tu1",
            "length": 196
        }, {
            "name": "tu10",
            "length": 196
        }, {
            "name": "tu11",
            "length": 196
        }, {
            "name": "tu12",
            "length": 196
        }, {
            "name": "tu13",
            "length": 164
        }, {
            "name": "tu2",
            "length": 196
        }, {
            "name": "tu3",
            "length": 196
        }, {
            "name": "tu4",
            "length": 196
        }, {
            "name": "tu5",
            "length": 196
        }, {
            "name": "tu6",
            "length": 196
        }, {
            "name": "tu7",
            "length": 196
        }, {
            "name": "tu8",
            "length": 196
        }, {
            "name": "tu9",
            "length": 196
        }]
}
