{
    "target": "EBG_class_85_light",
    "sources": [{
            "name": "main",
            "length": 36
        }, {
            "name": "tu0",
            "length": 79
        }, {
            "name": "tu1",
            "length": 79
        }, {
            "name": "tu10",
            "length": 79
        }, {
            "name": "tu11",
            "length": 79
        }, {
            "name": "tu12",
            "length": 79
        }, {
            "name": "tu13",
            "length": 79
        }, {
            "name": "tu14",
            "length": 79
        }, {
            "name": "tu15",
            "length": 64
        }, {
            "name": "tu2",
            "length": 79
        }, {
            "name": "tu3",
            "length": 79
        }, {
            "name": "tu4",
            "length": 79
        }, {
            "name": "tu5",
            "length": 79
        }, {
            "name": "tu6",
            "length": 79
        }, {
            "name": "tu7",
            "length": 79
        }, {
            "name": "tu8",
            "length": 79
        }, {
            "name": "tu9",
            "length": 79
        }]
}
