{
    "target": "EBG_low_model_5_light",
    "sources": [{
            "name": "main",
            "length": 32
        }, {
            "name": "tu0",
            "length": 903
        }, {
            "name": "tu1",
            "length": 1145
        }, {
            "name": "tu10",
            "length": 711
        }, {
            "name": "tu11",
            "length": 632
        }, {
            "name": "tu12",
            "length": 609
        }, {
            "name": "tu13",
            "length": 631
        }, {
            "name": "tu14",
            "length": 875
        }, {
            "name": "tu15",
            "length": 357
        }, {
            "name": "tu2",
            "length": 1397
        }, {
            "name": "tu3",
            "length": 1498
        }, {
            "name": "tu4",
            "length": 1854
        }, {
            "name": "tu5",
            "length": 1994
        }, {
            "name": "tu6",
            "length": 1887
        }, {
            "name": "tu7",
            "length": 1579
        }, {
            "name": "tu8",
            "length": 1247
        }, {
            "name": "tu9",
            "length": 844
        }]
}
