msa_name,diff
6701,0.0
3485,0.03
5962,0.0
5811,0.02
1224,0.27
1884,0.0
365,0.01
430,0.1
3359,0.01
3721,0.01
6442,0.13
1852,0.13
3695,0.0
1381,0.01
5646,0.03
4852,0.0
5672,0.12
4115,0.0
4752,0.0
642,0.07
7227,0.44
4458,0.0
5823,0.05
6899,0.01
3431,0.01
3155,0.01
2449,0.26
4054,0.0
4859,0.04
6778,0.04
1643,0.01
4800,0.01
4033,0.02
5495,0.02
2305,0.06
4775,0.03
2669,0.03
2717,0.05
5314,0.01
7287,0.19
2373,0.03
6610,0.01
708,0.0
1781,0.01
784,0.25
5606,0.04
5875,0.03
1559,0.07
7196,0.01
5818,0.0
1275,0.06
3768,0.0
4329,0.02
1242,0.45
1046,0.04
3804,0.02
2862,0.06
2654,0.06
1534,0.18
6287,0.01
694,0.12
5877,0.0
4036,0.01
4997,0.01
6316,0.01
3303,0.01
5111,0.03
3666,0.04
7292,0.02
5007,0.02
5194,0.03
2824,0.18
6076,0.04
5355,0.01
7293,0.46
7416,0.0
152,0.04
3948,0.01
3955,0.04
2721,0.44
6636,0.12
3997,0.3
4776,0.01
2572,0.5
7176,0.0
3783,0.01
7692,0.22
5858,0.04
5729,0.05
6639,0.05
7271,0.01
4656,0.0
6494,0.0
3942,0.02
6576,0.06
3164,0.08
3847,0.01
1995,0.03
3074,0.0
1251,0.03
6857,0.03
5850,0.01
2816,0.04
4718,0.02
4072,0.0
5409,0.04
5478,0.0
3338,0.0
768,0.12
4573,0.03
3080,0.01
4952,0.01
989,0.16
446,0.09
1106,0.01
1416,0.02
5436,0.0
7098,0.03
172,0.36
1264,0.04
4016,0.1
4190,0.0
4369,0.09
3675,0.01
7469,0.0
1281,0.25
5230,0.01
3748,0.43
7570,0.04
5081,0.02
5996,0.0
2133,0.05
4561,0.03
4030,0.0
912,0.0
2841,0.01
7356,0.05
1079,0.01
4029,0.02
1627,0.05
5,0.61
4567,0.03
249,0.03
7282,0.23
4809,0.0
5671,0.0
2667,0.28
5316,0.02
1735,0.06
937,0.2
4854,0.05
5826,0.01
4979,0.01
7043,0.0
6842,0.02
542,0.46
2381,0.43
6364,0.24
7735,0.01
6804,0.02
3718,0.2
2909,0.22
3988,0.01
4015,0.14
271,0.23
5730,0.02
4833,0.01
5506,0.01
5681,0.03
4853,0.21
856,0.04
1445,0.19
1009,0.12
5117,0.01
3497,0.05
7714,0.05
3618,0.1
3232,0.04
6175,0.0
1810,0.04
1144,0.0
1705,0.16
3277,0.03
7272,0.47
2246,0.04
1362,0.04
1356,0.39
289,0.05
4806,0.07
679,0.0
6912,0.0
1365,0.16
4717,0.01
3825,0.15
5920,0.02
3510,0.07
5862,0.06
4385,0.02
1042,0.0
6686,0.03
3927,0.14
6563,0.01
5365,0.03
2253,0.49
4828,0.04
1696,0.06
1885,0.03
991,0.01
3831,0.02
2157,0.0
3787,0.01
7239,0.38
5579,0.01
1795,0.02
6182,0.03
5083,0.0
1254,0.02
2869,0.0
5709,0.01
3347,0.03
5607,0.02
714,0.04
4004,0.03
3044,0.02
241,0.25
5650,0.04
3353,0.16
2332,0.0
5183,0.09
6453,0.05
7479,0.08
248,0.55
62,0.05
3615,0.14
7094,0.24
6771,0.0
3158,0.01
4484,0.28
4235,0.08
7427,0.04
113,0.26
476,0.39
1543,0.1
1791,0.0
4312,0.07
5031,0.01
3756,0.41
804,0.02
2177,0.49
4501,0.03
1059,0.06
2589,0.05
1376,0.52
3159,0.06
2802,0.01
1477,0.32
4674,0.08
4027,0.02
3511,0.3
7712,0.08
6204,0.01
4680,0.0
4547,0.11
3590,0.01
3402,0.11
7639,0.03
1981,0.01
1815,0.07
532,0.05
5380,0.03
4439,0.0
1111,0.54
5580,0.0
4192,0.01
234,0.14
4862,0.14
2446,0.33
1932,0.02
2242,0.22
6764,0.0
3572,0.06
1626,0.07
5362,0.01
3368,0.03
6130,0.01
489,0.0
1340,0.01
6012,0.01
247,0.02
7129,0.35
2199,0.04
1456,0.01
1148,0.02
947,0.32
7349,0.02
195,0.0
1792,0.0
3398,0.0
4928,0.16
2831,0.06
4819,0.09
4318,0.1
4668,0.03
3614,0.12
4245,0.02
923,0.07
4486,0.15
5526,0.02
1528,0.0
1002,0.03
2656,0.02
2716,0.09
683,0.01
783,0.05
6249,0.0
4320,0.46
3678,0.26
5847,0.01
633,0.22
3227,0.17
1677,0.24
6230,0.01
993,0.02
5401,0.01
6572,0.01
843,0.14
5676,0.02
3494,0.08
1914,0.31
240,0.0
3848,0.0
962,0.0
56,0.55
1061,0.02
1697,0.32
1496,0.0
6794,0.0
3662,0.1
2945,0.01
5319,0.06
4051,0.08
7449,0.42
5852,0.01
4598,0.0
2547,0.43
7666,0.24
2441,0.13
422,0.44
824,0.03
263,0.53
3901,0.0
5786,0.02
3498,0.05
4522,0.01
2931,0.06
5828,0.0
1950,0.01
1127,0.01
6131,0.0
4078,0.01
4195,0.02
3638,0.05
5462,0.0
6681,0.0
543,0.39
2872,0.1
5915,0.0
5933,0.01
4614,0.01
1529,0.4
3009,0.0
7147,0.11
6446,0.0
1701,0.03
4624,0.1
5139,0.0
7104,0.05
2668,0.42
2179,0.0
332,0.03
5699,0.02
3968,0.0
4789,0.0
4100,0.03
7060,0.01
7290,0.48
4903,0.02
261,0.01
3093,0.0
3092,0.0
4970,0.04
6089,0.01
5794,0.01
1737,0.07
1890,0.01
770,0.0
132,0.06
5234,0.23
2365,0.02
705,0.17
5530,0.0
1024,0.11
6367,0.6
1030,0.06
765,0.04
78,0.03
1424,0.01
2530,0.0
484,0.08
5283,0.0
628,0.15
284,0.0
2509,0.06
1758,0.04
3064,0.0
1881,0.03
7120,0.36
4544,0.0
6958,0.01
3112,0.01
6237,0.01
5122,0.0
749,0.01
1260,0.04
6389,0.0
3146,0.0
1824,0.4
5097,0.05
4005,0.02
5303,0.0
4037,0.43
5030,0.02
2371,0.13
7360,0.08
6097,0.0
6081,0.01
721,0.01
2863,0.09
1292,0.0
1481,0.21
7465,0.06
6894,0.0
2592,0.48
7497,0.02
122,0.4
7506,0.02
1087,0.05
4139,0.04
1119,0.04
6426,0.17
4846,0.0
7723,0.08
1092,0.04
3052,0.02
4528,0.04
7317,0.27
7182,0.0
3648,0.03
879,0.0
863,0.0
6467,0.03
3212,0.04
1616,0.0
5714,0.01
5585,0.02
4716,0.01
5017,0.0
3354,0.01
1167,0.11
7086,0.0
4884,0.09
4507,0.0
2782,0.0
2008,0.12
4477,0.01
3424,0.01
1548,0.13
7699,0.03
5814,0.06
6642,0.07
4666,0.0
196,0.4
3033,0.0
7547,0.0
5191,0.27
7451,0.06
4423,0.0
350,0.01
3439,0.02
961,0.0
206,0.43
6758,0.0
3496,0.19
2915,0.03
1303,0.0
4549,0.01
1588,0.1
5180,0.14
5990,0.01
5419,0.0
1667,0.05
832,0.08
2907,0.04
4548,0.04
3636,0.01
513,0.64
2732,0.02
6670,0.03
6792,0.01
6976,0.01
4638,0.44
1085,0.01
1599,0.0
465,0.07
2925,0.11
1411,0.37
7300,0.33
1712,0.07
5583,0.0
339,0.01
4026,0.0
3107,0.0
2896,0.02
2333,0.03
1412,0.16
1770,0.03
5274,0.01
2584,0.03
5989,0.0
5136,0.05
740,0.0
458,0.03
6222,0.01
5223,0.01
7263,0.02
2510,0.0
6013,0.0
6517,0.0
3082,0.0
68,0.57
1438,0.12
2211,0.02
3905,0.0
3819,0.09
1859,0.11
6072,0.04
5019,0.01
1252,0.05
4517,0.03
900,0.02
1220,0.0
3903,0.08
4672,0.25
1058,0.0
1113,0.02
6263,0.02
2427,0.03
5703,0.04
4899,0.2
380,0.3
2533,0.05
2320,0.33
6093,0.01
2911,0.04
301,0.14
4044,0.0
1388,0.4
5331,0.02
398,0.04
5655,0.1
6231,0.59
7367,0.61
1247,0.15
5859,0.05
6438,0.01
3058,0.04
1069,0.06
5463,0.01
858,0.53
1930,0.0
2051,0.16
2407,0.55
7613,0.37
1568,0.02
5680,0.0
895,0.05
5861,0.05
6291,0.01
7456,0.24
5685,0.05
4225,0.01
4642,0.04
3809,0.03
3897,0.03
6151,0.0
140,0.02
2160,0.44
4244,0.0
1313,0.22
1725,0.03
4523,0.15
5343,0.0
399,0.5
5967,0.03
3482,0.19
6477,0.02
2436,0.04
5563,0.0
4681,0.01
7288,0.13
922,0.09
5479,0.0
5439,0.01
1361,0.01
2039,0.23
2964,0.01
6191,0.01
750,0.04
4495,0.01
51,0.01
6645,0.01
7614,0.0
1823,0.04
3341,0.02
5808,0.14
356,0.05
4281,0.05
6717,0.02
7075,0.0
1130,0.41
4295,0.02
6554,0.01
4023,0.05
4293,0.03
7014,0.04
2518,0.01
306,0.01
3672,0.15
3404,0.01
2234,0.02
4298,0.0
1444,0.32
2965,0.16
4358,0.01
7003,0.0
1540,0.02
3671,0.03
1769,0.04
3022,0.01
4974,0.07
1968,0.01
827,0.06
273,0.18
4154,0.21
970,0.04
3713,0.56
4435,0.02
1827,0.02
7253,0.12
6722,0.03
2027,0.3
6690,0.0
7353,0.02
7419,0.02
6434,0.16
6671,0.01
3573,0.18
2828,0.0
3276,0.08
7500,0.05
3133,0.03
3215,0.0
3645,0.0
7274,0.41
1423,0.04
4628,0.15
2360,0.0
2484,0.01
990,0.09
5474,0.01
7586,0.02
7332,0.03
238,0.01
4669,0.29
4212,0.1
6320,0.01
2349,0.0
4607,0.11
55,0.06
3010,0.05
574,0.09
5643,0.01
3698,0.09
3868,0.01
527,0.08
5188,0.02
2123,0.04
1215,0.04
5719,0.02
1997,0.0
1208,0.01
3702,0.12
3984,0.03
1374,0.04
6580,0.02
4366,0.0
745,0.01
4840,0.07
5799,0.02
791,0.03
1315,0.04
4887,0.28
4901,0.05
2583,0.36
3619,0.03
7269,0.06
4648,0.03
4187,0.0
3588,0.04
5333,0.0
5209,0.01
2266,0.01
4498,0.01
3613,0.02
6668,0.01
4615,0.22
4473,0.01
376,0.02
2936,0.02
7116,0.03
2774,0.01
6479,0.33
4121,0.05
329,0.48
2706,0.38
5108,0.0
2505,0.03
1460,0.01
7594,0.0
7296,0.35
5721,0.03
3367,0.0
1479,0.25
6447,0.04
3836,0.02
7611,0.52
1745,0.52
1768,0.19
5413,0.01
7246,0.3
5970,0.01
2525,0.0
4335,0.0
6596,0.08
2184,0.01
1998,0.14
3,0.46
4841,0.03
4839,0.0
3502,0.06
3796,0.03
461,0.36
7347,0.0
3526,0.04
2679,0.49
6611,0.05
4228,0.02
5697,0.02
4898,0.04
3512,0.24
2327,0.14
3065,0.01
281,0.04
3048,0.0
2066,0.03
2435,0.26
7501,0.03
2577,0.06
1298,0.01
3332,0.0
5431,0.0
279,0.01
1866,0.02
3099,0.03
1277,0.02
3747,0.02
1360,0.01
1996,0.19
910,0.01
2854,0.0
1485,0.03
3780,0.04
6798,0.01
663,0.21
7325,0.23
6905,0.01
1585,0.12
3217,0.32
5752,0.0
7595,0.01
6982,0.03
207,0.1
7311,0.32
5422,0.46
3385,0.28
3775,0.01
5909,0.01
6638,0.03
852,0.14
1592,0.03
3008,0.06
4452,0.0
618,0.05
4239,0.09
6719,0.02
4347,0.08
141,0.14
5112,0.0
6001,0.02
6393,0.0
7575,0.47
1063,0.36
403,0.04
5318,0.07
1461,0.0
7534,0.0
5717,0.08
1329,0.4
4699,0.0
2926,0.01
3340,0.01
1790,0.42
2957,0.02
2203,0.43
4351,0.01
904,0.03
6063,0.43
2221,0.01
7563,0.35
585,0.01
1341,0.03
2148,0.0
4966,0.1
7172,0.01
3468,0.01
485,0.15
4665,0.0
7573,0.01
6805,0.03
2541,0.5
348,0.0
7249,0.13
6694,0.02
6216,0.36
7156,0.46
4285,0.01
1177,0.02
2661,0.44
2306,0.01
2955,0.06
1301,0.07
7374,0.03
2597,0.03
3012,0.02
4399,0.1
6365,0.2
4981,0.03
746,0.06
3846,0.02
4148,0.07
4778,0.01
2812,0.0
889,0.08
7064,0.01
646,0.03
2006,0.06
95,0.64
2232,0.0
406,0.06
3214,0.04
4056,0.0
2795,0.05
2891,0.0
3911,0.11
1850,0.15
1099,0.01
5774,0.01
6060,0.15
2647,0.37
6559,0.03
944,0.0
6254,0.02
3127,0.0
509,0.17
5912,0.02
4173,0.0
445,0.25
5816,0.05
1673,0.0
5491,0.0
1213,0.06
5453,0.0
1812,0.22
6504,0.0
4520,0.01
1492,0.36
2990,0.01
2369,0.0
7585,0.07
214,0.05
3920,0.0
3414,0.01
3608,0.01
2183,0.01
4307,0.02
480,0.02
972,0.01
2969,0.0
1004,0.04
1872,0.18
5873,0.01
1173,0.03
601,0.13
2658,0.17
2287,0.01
3872,0.02
424,0.0
3129,0.35
4161,0.03
233,0.05
7574,0.19
5481,0.17
3515,0.03
1097,0.09
6108,0.01
1847,0.04
5363,0.51
97,0.08
3002,0.01
6586,0.01
3392,0.1
4843,0.02
3594,0.12
5320,0.02
5202,0.01
5450,0.04
5846,0.0
5311,0.02
2794,0.03
2600,0.01
340,0.27
6103,0.19
5661,0.01
6173,0.0
6158,0.01
2439,0.02
3730,0.01
7426,0.02
7137,0.07
7268,0.25
3980,0.01
5072,0.02
2258,0.02
1688,0.08
5317,0.03
5834,0.02
7371,0.1
4653,0.01
2617,0.01
2336,0.0
6062,0.01
2478,0.05
7387,0.01
4748,0.01
6699,0.01
2261,0.02
3632,0.03
6499,0.11
1396,0.0
1270,0.04
4954,0.13
1624,0.05
3007,0.05
389,0.21
6067,0.04
4719,0.07
6957,0.0
2536,0.05
4670,0.04
2443,0.0
4283,0.03
2310,0.03
251,0.18
1693,0.02
2500,0.0
2080,0.08
7737,0.01
1073,0.16
5749,0.03
208,0.02
6949,0.01
6588,0.0
1337,0.02
1309,0.08
4118,0.02
4905,0.02
58,0.11
2820,0.05
5377,0.27
5197,0.02
6205,0.04
2072,0.03
174,0.05
7097,0.36
3061,0.0
4848,0.02
3187,0.06
3661,0.06
6444,0.2
1629,0.0
5831,0.01
3646,0.02
4700,0.0
5371,0.0
2508,0.35
181,0.28
1587,0.03
3943,0.01
6372,0.44
3914,0.1
7442,0.01
74,0.64
703,0.02
4627,0.01
6855,0.05
5046,0.01
4478,0.01
536,0.17
5735,0.01
6135,0.04
1117,0.02
838,0.03
2870,0.0
1536,0.0
441,0.01
567,0.46
3490,0.03
821,0.09
6539,0.01
2350,0.03
4325,0.11
2695,0.49
732,0.01
1802,0.54
523,0.47
163,0.55
5938,0.0
3991,0.05
4350,0.0
2252,0.25
6973,0.02
2523,0.07
5765,0.02
2100,0.03
4588,0.01
5923,0.0
3906,0.01
2450,0.01
6766,0.18
2521,0.16
3746,0.05
1490,0.01
997,0.04
3981,0.37
2313,0.05
1702,0.31
4270,0.01
5347,0.01
2648,0.17
7616,0.07
7089,0.06
581,0.13
1212,0.03
6757,0.01
3527,0.16
2214,0.03
1244,0.0
999,0.26
3029,0.02
6047,0.15
551,0.03
6872,0.0
2060,0.06
1033,0.0
4210,0.03
4554,0.0
2291,0.0
6614,0.02
409,0.0
1472,0.13
2879,0.09
2061,0.02
1525,0.23
3144,0.05
2296,0.44
1622,0.02
2765,0.45
929,0.0
2929,0.01
3178,0.0
2155,0.02
3184,0.01
7524,0.12
1383,0.03
3312,0.05
2312,0.08
862,0.02
2237,0.0
776,0.12
1689,0.01
3274,0.0
4682,0.32
5264,0.0
10,0.14
3153,0.0
4817,0.02
4881,0.08
1904,0.01
7659,0.04
3551,0.12
5383,0.06
2404,0.03
6030,0.03
1985,0.01
1982,0.02
3240,0.38
6025,0.02
6755,0.03
4310,0.0
7478,0.01
3211,0.22
730,0.04
5784,0.01
4675,0.07
2675,0.04
7173,0.03
3416,0.05
2783,0.13
362,0.01
781,0.02
1451,0.43
4651,0.01
953,0.51
6417,0.0
3928,0.52
2219,0.04
2269,0.01
2372,0.02
6068,0.09
7081,0.02
7247,0.05
2406,0.1
5958,0.0
1172,0.01
2665,0.01
7642,0.04
267,0.02
7568,0.17
650,0.04
5587,0.0
6587,0.05
1207,0.01
4160,0.05
1567,0.11
4125,0.01
3651,0.03
1751,0.17
5694,0.01
1923,0.07
1149,0.03
5805,0.0
589,0.41
2786,0.42
6708,0.01
6197,0.0
257,0.01
3962,0.1
6891,0.01
2999,0.0
747,0.01
444,0.29
5519,0.02
5977,0.0
7338,0.01
7307,0.39
4894,0.06
3100,0.12
4844,0.0
5389,0.0
1314,0.16
3210,0.06
5239,0.01
2631,0.41
5635,0.0
1363,0.1
6423,0.01
4441,0.0
6777,0.0
512,0.11
6815,0.0
2036,0.0
1949,0.0
6696,0.01
5014,0.04
4890,0.5
5408,0.02
5192,0.21
2968,0.02
7694,0.01
1200,0.01
2473,0.29
604,0.25
7025,0.01
5375,0.08
7503,0.02
3612,0.01
6121,0.34
2376,0.01
4271,0.0
6419,0.18
710,0.06
382,0.1
1486,0.06
77,0.07
4024,0.01
727,0.04
5584,0.01
744,0.13
1783,0.02
2057,0.02
1082,0.02
7208,0.0
6660,0.03
4128,0.49
7117,0.01
1576,0.05
1392,0.06
2353,0.12
1420,0.12
4052,0.02
1874,0.05
4926,0.35
23,0.58
6326,0.0
1565,0.03
6403,0.02
2848,0.0
5932,0.03
4119,0.0
4236,0.01
520,0.01
4596,0.01
3067,0.0
6908,0.04
2959,0.06
4019,0.0
4440,0.0
6533,0.01
6429,0.02
1110,0.06
5838,0.0
6305,0.01
3239,0.04
84,0.09
2880,0.16
7139,0.03
1652,0.14
1948,0.02
4551,0.04
5804,0.01
7697,0.03
6456,0.04
6750,0.17
4795,0.0
956,0.01
5840,0.03
2671,0.24
4934,0.45
2657,0.23
7339,0.1
7434,0.06
3186,0.01
493,0.04
800,0.13
3541,0.49
5701,0.03
3839,0.02
6415,0.0
25,0.05
3545,0.01
2379,0.0
538,0.0
2323,0.06
2387,0.0
4565,0.14
1549,0.09
5856,0.02
2664,0.48
1936,0.0
4796,0.0
6612,0.02
4847,0.01
5379,0.01
5740,0.0
4616,0.04
1620,0.13
2250,0.07
1294,0.26
1269,0.02
7345,0.37
5054,0.22
3537,0.01
449,0.04
5659,0.0
3304,0.29
6065,0.03
121,0.01
3172,0.0
1074,0.14
4932,0.09
1819,0.01
1285,0.0
4731,0.01
4240,0.02
3939,0.01
3005,0.04
4961,0.0
762,0.07
3690,0.0
236,0.04
2424,0.03
410,0.01
3066,0.01
2218,0.04
511,0.4
851,0.07
6703,0.0
537,0.11
629,0.46
3325,0.03
98,0.2
6491,0.01
3263,0.0
5763,0.0
4801,0.0
184,0.11
1672,0.01
5041,0.03
1500,0.04
2760,0.0
3204,0.05
1425,0.03
7702,0.04
1121,0.01
2904,0.55
1141,0.11
7238,0.5
148,0.01
5857,0.26
435,0.07
443,0.13
975,0.09
3974,0.0
6590,0.22
4203,0.05
3479,0.08
719,0.01
1635,0.09
5348,0.4
3400,0.07
995,0.04
565,0.03
1788,0.02
54,0.01
873,0.02
6710,0.04
4456,0.0
4332,0.01
7031,0.07
7125,0.01
4291,0.01
3720,0.0
3705,0.0
2345,0.55
7691,0.0
7530,0.05
4459,0.47
5946,0.02
3171,0.0
268,0.04
1098,0.05
5874,0.0
893,0.3
613,0.38
6375,0.04
7095,0.05
4492,0.02
5251,0.0
5886,0.0
6282,0.01
756,0.48
5525,0.09
7103,0.01
1833,0.02
4341,0.03
5335,0.1
7580,0.07
5837,0.01
1132,0.0
31,0.07
2433,0.02
2685,0.44
1797,0.02
5502,0.0
5652,0.11
5677,0.27
6609,0.04
4978,0.01
2464,0.01
3822,0.05
5116,0.03
7110,0.03
1302,0.11
2330,0.15
5313,0.01
1333,0.04
2005,0.0
3865,0.03
5817,0.01
1844,0.12
2564,0.0
5037,0.0
405,0.17
2480,0.01
1761,0.02
5988,0.02
888,0.17
3057,0.03
452,0.01
7078,0.0
5504,0.15
902,0.02
6807,0.05
1868,0.03
6684,0.02
7275,0.19
6125,0.01
1384,0.01
220,0.19
3003,0.04
1987,0.03
27,0.52
2586,0.0
3564,0.18
3894,0.01
7471,0.08
516,0.44
7708,0.02
239,0.05
2731,0.04
4643,0.01
3356,0.02
894,0.05
7576,0.25
473,0.02
1458,0.03
2643,0.3
6145,0.07
3352,0.0
2226,0.04
4087,0.07
1545,0.11
3650,0.06
2877,0.06
2438,0.02
5573,0.0
963,0.01
3310,0.07
6472,0.0
4280,0.09
2135,0.02
3946,0.1
3016,0.0
906,0.13
2265,0.0
3056,0.0
5386,0.01
5135,0.02
1029,0.46
4209,0.11
3599,0.0
7498,0.05
1686,0.15
2842,0.1
7106,0.39
7261,0.55
4964,0.0
2453,0.03
3243,0.09
1001,0.52
983,0.31
3235,0.03
7484,0.02
432,0.01
6896,0.0
4374,0.0
5696,0.02
1427,0.0
1488,0.11
7062,0.01
496,0.0
1455,0.01
2688,0.23
4938,0.0
3965,0.03
591,0.07
3248,0.39
4550,0.01
5214,0.15
1484,0.0
3118,0.01
2315,0.05
456,0.0
3032,0.11
7424,0.04
3389,0.07
4689,0.01
4474,0.11
6188,0.02
2655,0.01
6558,0.0
18,0.17
2922,0.01
7171,0.02
6069,0.0
2099,0.0
2071,0.19
4345,0.08
4798,0.0
5096,0.0
91,0.16
835,0.0
178,0.44
6070,0.01
2419,0.01
4558,0.03
2165,0.0
1748,0.02
6828,0.02
4992,0.02
6394,0.02
1501,0.02
2289,0.04
2485,0.14
927,0.05
4352,0.01
7554,0.02
6315,0.0
475,0.05
6498,0.01
2883,0.03
504,0.05
368,0.03
5771,0.0
4304,0.04
4799,0.04
6487,0.02
217,0.01
5213,0.09
1636,0.0
2881,0.22
7130,0.15
1551,0.03
1637,0.03
5778,0.19
4620,0.02
3000,0.04
4658,0.0
7068,0.02
2442,0.27
2143,0.0
1175,0.04
5982,0.06
4678,0.01
1306,0.0
3462,0.04
166,0.51
2646,0.04
7520,0.08
2490,0.24
1608,0.02
4111,0.0
2972,0.11
5768,0.06
4506,0.02
7388,0.0
4428,0.01
4603,0.09
1601,0.02
2092,0.0
4134,0.02
4009,0.0
2570,0.03
1753,0.05
1563,0.29
470,0.13
2255,0.02
3213,0.03
87,0.21
6373,0.01
3038,0.03
909,0.0
6673,0.01
6163,0.0
7539,0.06
4560,0.0
202,0.02
5551,0.0
6585,0.05
4888,0.07
1410,0.39
242,0.04
3913,0.04
5626,0.08
3344,0.11
6119,0.04
2067,0.05
3209,0.47
6672,0.01
3418,0.0
3095,0.04
5149,0.01
283,0.06
2865,0.02
7159,0.4
3373,0.0
7189,0.01
584,0.0
2914,0.05
1806,0.01
2428,0.0
2421,0.2
6165,0.03
514,0.58
5675,0.0
1766,0.04
6450,0.0
7351,0.0
1400,0.0
921,0.14
1505,0.07
70,0.58
2189,0.01
1193,0.02
6570,0.46
2403,0.0
4502,0.04
381,0.1
1409,0.37
4468,0.01
2981,0.01
6116,0.06
7190,0.49
1495,0.12
7237,0.28
1752,0.19
2949,0.02
5782,0.01
5572,0.07
6831,0.01
6666,0.0
6550,0.03
5305,0.01
751,0.45
7298,0.46
6592,0.0
1856,0.0
6430,0.02
2933,0.19
636,0.03
5802,0.05
6484,0.4
7674,0.01
5227,0.18
1450,0.0
623,0.0
4587,0.48
5999,0.01
7225,0.0
2540,0.46
7131,0.04
5517,0.0
4730,0.01
7286,0.19
2714,0.31
7000,0.04
7295,0.03
6381,0.03
4342,0.05
1922,0.09
3466,0.18
2127,0.0
6132,0.01
1519,0.05
427,0.53
1169,0.02
1516,0.38
7055,0.01
5013,0.01
2625,0.41
7476,0.0
7551,0.03
7566,0.32
4518,0.3
2935,0.1
43,0.44
7373,0.11
587,0.0
2422,0.0
1250,0.0
4792,0.01
795,0.29
6779,0.03
735,0.02
1631,0.03
7480,0.04
3855,0.02
2511,0.05
2222,0.01
2498,0.02
3774,0.01
1016,0.02
801,0.11
3889,0.01
338,0.06
5497,0.01
5611,0.03
6421,0.0
7084,0.1
1695,0.04
4838,0.12
979,0.52
7218,0.54
1589,0.06
1965,0.11
5359,0.13
4896,0.0
7350,0.04
1406,0.04
6104,0.04
2516,0.33
6952,0.05
4248,0.04
1153,0.03
1989,0.02
2692,0.03
4837,0.02
6159,0.0
1507,0.61
1861,0.04
2982,0.0
2899,0.02
6184,0.0
6774,0.14
6505,0.04
3970,0.03
3011,0.0
276,0.0
2683,0.03
4959,0.0
229,0.52
2075,0.2
7358,0.02
820,0.04
6916,0.0
2355,0.12
3519,0.16
2200,0.02
1343,0.12
957,0.09
5053,0.02
810,0.1
600,0.55
4108,0.02
280,0.46
5609,0.07
6751,0.02
7243,0.03
5600,0.01
6510,0.0
4490,0.04
2267,0.07
1291,0.18
715,0.0
5913,0.02
6250,0.0
4286,0.02
1434,0.13
3760,0.02
4467,0.12
1632,0.0
2363,0.03
7462,0.0
2084,0.18
307,0.42
903,0.0
3134,0.11
6630,0.0
5178,0.16
869,0.49
7265,0.04
5533,0.0
4308,0.01
2798,0.06
6607,0.41
6646,0.01
5548,0.03
4536,0.42
5500,0.01
557,0.04
3900,0.06
1958,0.32
7126,0.19
4444,0.02
2335,0.0
5392,0.04
6463,0.01
5490,0.03
2951,0.03
583,0.03
3441,0.04
1535,0.01
7435,0.03
4969,0.11
421,0.17
3034,0.02
1134,0.04
3557,0.12
2425,0.01
5760,0.01
7216,0.01
6483,0.03
2282,0.0
5616,0.03
4231,0.0
4241,0.03
1369,0.06
2451,0.0
1558,0.05
4434,0.0
3364,0.0
3753,0.06
1255,0.16
7297,0.08
2368,0.04
5892,0.1
1883,0.01
3087,0.01
2993,0.0
6144,0.07
6702,0.04
6923,0.01
294,0.07
4835,0.13
659,0.03
638,0.0
2241,0.06
1295,0.54
6780,0.0
6208,0.27
254,0.0
847,0.12
5839,0.04
1246,0.01
2659,0.05
877,0.38
6581,0.01
1973,0.05
2639,0.46
1595,0.26
3383,0.12
6486,0.0
3941,0.06
5602,0.02
3841,0.0
3104,0.0
4282,0.43
5376,0.03
6401,0.04
4442,0.4
4704,0.39
274,0.0
4786,0.01
974,0.02
7461,0.04
2975,0.03
3458,0.01
4827,0.0
317,0.0
1898,0.16
4254,0.38
191,0.05
3018,0.01
1278,0.02
2711,0.05
4449,0.04
1014,0.32
4214,0.01
4418,0.0
7072,0.02
2494,0.01
6651,0.01
3401,0.01
6156,0.01
541,0.16
5801,0.05
7344,0.0
2302,0.04
4686,0.0
2493,0.01
6914,0.01
3237,0.0
336,0.0
1530,0.06
4156,0.26
41,0.17
3850,0.02
855,0.11
6290,0.0
7538,0.04
7213,0.02
4252,0.01
725,0.5
4060,0.01
3520,0.01
2974,0.11
1013,0.08
1933,0.02
1482,0.16
4365,0.02
4041,0.08
1072,0.01
818,0.01
2264,0.06
6109,0.03
6654,0.21
3728,0.16
3072,0.01
4621,0.02
2752,0.02
2699,0.05
3876,0.04
3156,0.01
327,0.48
552,0.06
2942,0.0
1732,0.04
2447,0.01
4445,0.0
3142,0.0
2217,0.0
5976,0.05
3481,0.24
4736,0.22
2519,0.01
1817,0.15
4114,0.32
6801,0.15
1976,0.02
2257,0.02
3430,0.03
3863,0.01
198,0.04
2866,0.06
985,0.04
2331,0.12
6658,0.01
2593,0.29
5627,0.08
2853,0.04
1103,0.0
3601,0.25
138,0.25
2348,0.12
5144,0.01
5943,0.0
7346,0.01
7183,0.08
2923,0.0
192,0.23
1064,0.04
1034,0.04
593,0.08
1137,0.3
508,0.53
6621,0.1
1513,0.06
6904,0.04
2063,0.12
3580,0.04
2230,0.0
1782,0.0
7548,0.16
3738,0.01
393,0.0
4053,0.15
2938,0.05
1664,0.1
4359,0.12
3205,0.05
2068,0.28
5246,0.02
3105,0.02
346,0.35
423,0.04
7511,0.02
3271,0.01
199,0.0
6538,0.02
690,0.0
5914,0.01
1903,0.03
649,0.03
3226,0.14
2633,0.02
5195,0.02
1607,0.02
7485,0.33
4920,0.09
2545,0.02
3806,0.06
7134,0.06
1338,0.53
1801,0.05
882,0.03
3818,0.12
4164,0.04
4003,0.02
7572,0.0
227,0.04
868,0.28
1593,0.39
4759,0.02
3363,0.27
3904,0.01
7285,0.05
1165,0.02
3853,0.0
2176,0.01
914,0.03
2912,0.04
6187,0.04
4632,0.01
1493,0.52
4856,0.4
954,0.0
6180,0.02
4448,0.02
2574,0.12
4364,0.07
4412,0.04
5403,0.27
2300,0.41
4864,0.0
3195,0.14
7377,0.01
4845,0.02
134,0.18
4619,0.0
1156,0.1
3091,0.02
2832,0.02
2256,0.01
2388,0.49
4170,0.41
6014,0.12
1612,0.11
7598,0.47
3396,0.0
7401,0.03
4568,0.03
2556,0.54
265,0.12
3224,0.22
2992,0.02
4397,0.04
3813,0.01
2890,0.0
6018,0.05
2415,0.0
4112,0.0
2452,0.03
7466,0.06
986,0.51
2735,0.0
3168,0.09
1888,0.14
1804,0.0
5642,0.01
4333,0.01
19,0.36
644,0.04
7389,0.0
2607,0.06
7526,0.04
548,0.04
6134,0.0
2316,0.06
6474,0.01
884,0.02
4259,0.02
1436,0.03
4546,0.03
3119,0.02
5948,0.01
232,0.03
7421,0.18
20,0.15
3571,0.03
6883,0.02
3932,0.05
4326,0.05
4147,0.35
898,0.01
4671,0.03
1203,0.06
6802,0.18
4542,0.01
2684,0.0
6594,0.0
52,0.58
1596,0.0
3461,0.02
1828,0.24
4909,0.02
60,0.42
293,0.0
4226,0.09
6362,0.03
7035,0.04
6999,0.0
661,0.01
370,0.0
4450,0.0
1869,0.14
2691,0.06
2476,0.01
2025,0.02
7622,0.01
4319,0.01
7132,0.11
2397,0.13
6123,0.0
1663,0.11
4378,0.0
3610,0.0
3586,0.04
599,0.07
1613,0.03
3041,0.03
2641,0.01
3406,0.08
1,0.05
4328,0.0
4933,0.01
7519,0.04
151,0.03
1305,0.01
3094,0.04
6405,0.05
4834,0.01
1740,0.26
1185,0.04
2810,0.22
2144,0.13
1669,0.23
2700,0.02
4822,0.01
4556,0.01
2900,0.04
1820,0.16
6457,0.03
299,0.01
2047,0.01
5114,0.01
4143,0.32
1524,0.05
4534,0.0
4633,0.02
3207,0.01
4181,0.07
2121,0.01
7544,0.01
5623,0.02
1645,0.04
6950,0.0
1566,0.01
7443,0.15
806,0.01
6181,0.0
3193,0.0
131,0.51
7425,0.05
1417,0.0
5798,0.03
4234,0.02
5654,0.06
5395,0.15
1372,0.09
6975,0.01
2120,0.13
1855,0.05
7210,0.0
5442,0.01
3752,0.09
3824,0.0
666,0.15
3350,0.02
1794,0.01
5668,0.0
1825,0.15
4266,0.01
3700,0.37
966,0.01
4513,0.0
4652,0.01
2569,0.09
5825,0.0
3732,0.01
371,0.47
3161,0.06
86,0.24
5336,0.01
6096,0.26
3047,0.02
2652,0.02
724,0.56
2785,0.13
2978,0.01
1591,0.0
3621,0.06
7603,0.0
4973,0.03
2539,0.08
5240,0.0
3475,0.12
6147,0.02
5273,0.01
7366,0.03
146,0.5
1083,0.01
4113,0.01
1651,0.0
816,0.1
5535,0.0
3504,0.02
3985,0.03
2347,0.05
1514,0.03
6979,0.02
826,0.04
3966,0.0
5890,0.01
521,0.04
1555,0.02
4327,0.0
201,0.08
1026,0.03
2960,0.02
7386,0.03
7133,0.37
2136,0.02
522,0.02
2460,0.04
4028,0.07
682,0.01
3691,0.01
2465,0.0
1947,0.0
3817,0.0
144,0.01
3782,0.0
716,0.19
7541,0.03
1385,0.03
2356,0.02
3816,0.04
4101,0.01
841,0.03
5559,0.0
7618,0.19
3372,0.01
1196,0.03
3547,0.04
3086,0.0
3979,0.06
3716,0.03
7383,0.02
5372,0.0
1229,0.01
355,0.0
4099,0.06
1422,0.29
2623,0.12
3881,0.03
2193,0.09
4757,0.02
3644,0.39
7013,0.08
7049,0.0
883,0.49
7432,0.01
1216,0.01
6466,0.01
610,0.13
5134,0.02
4150,0.09
5438,0.06
2736,0.22
6616,0.01
4563,0.02
5618,0.0
4243,0.05
2995,0.03
7157,0.0
225,0.01
2932,0.1
1523,0.04
5338,0.01
4183,0.0
7540,0.09
275,0.0
3194,0.04
1214,0.04
4987,0.0
5501,0.0
3722,0.03
950,0.58
2117,0.0
5759,0.0
1926,0.05
1189,0.25
5170,0.03
1684,0.0
5190,0.01
3202,0.13
1983,0.0
5925,0.02
2044,0.24
7715,0.01
6369,0.18
7700,0.01
4541,0.0
3593,0.03
5405,0.01
4971,0.01
4640,0.0
5663,0.0
2851,0.0
4773,0.04
1851,0.55
3802,0.03
237,0.01
3558,0.13
2192,0.13
6763,0.0
2996,0.03
3098,0.0
2477,0.01
4272,0.04
6120,0.38
6035,0.01
639,0.26
2126,0.06
5523,0.0
907,0.0
133,0.04
6918,0.01
839,0.0
2401,0.0
6350,0.51
3166,0.0
2601,0.37
1080,0.01
258,0.01
5992,0.04
4760,0.03
1749,0.47
3040,0.03
4367,0.01
3395,0.12
2140,0.0
1377,0.03
260,0.04
1179,0.0
3883,0.18
175,0.16
3374,0.02
5824,0.0
7577,0.07
5393,0.01
3175,0.03
4634,0.0
5458,0.01
3589,0.0
7180,0.14
2309,0.0
3685,0.41
3125,0.09
3150,0.0
813,0.24
2884,0.48
5216,0.23
7018,0.0
5432,0.02
2847,0.1
5649,0.01
228,0.01
6443,0.0
4158,0.01
6579,0.04
3915,0.01
2202,0.07
1480,0.44
4261,0.05
3023,0.03
3631,0.01
3677,0.0
5137,0.0
2085,0.01
2952,0.09
2624,0.12
3333,0.01
569,0.17
4758,0.0
7483,0.13
4570,0.01
1304,0.01
2466,0.08
3343,0.08
2740,0.05
1421,0.01
7083,0.01
2390,0.14
4346,0.08
7257,0.04
3391,0.01
3581,0.01
5131,0.0
2389,0.05
65,0.01
6074,0.0
5023,0.0
1322,0.13
4410,0.02
3013,0.0
6889,0.02
702,0.49
6814,0.01
104,0.49
7108,0.2
3937,0.02
3799,0.0
1713,0.11
5645,0.01
4258,0.12
4929,0.0
1975,0.01
2239,0.0
4761,0.0
7460,0.0
320,0.01
3808,0.03
1171,0.0
3531,0.02
1235,0.0
4679,0.01
6553,0.0
5071,0.13
779,0.01
7688,0.25
4014,0.02
4774,0.0
182,0.05
6338,0.09
5175,0.24
5844,0.02
1142,0.02
164,0.04
4132,0.01
5793,0.0
759,0.01
5987,0.0
3358,0.02
1994,0.0
1646,0.54
2169,0.01
672,0.03
2749,0.01
4601,0.1
187,0.47
102,0.29
3540,0.13
1075,0.02
7467,0.0
2775,0.0
4384,0.03
5310,0.01
1199,0.05
3037,0.01
5716,0.04
6530,0.01
695,0.03
3931,0.02
139,0.02
1662,0.05
2836,0.0
3776,0.0
3781,0.0
2587,0.05
270,0.05
3750,0.01
1498,0.01
1846,0.02
81,0.04
2000,0.06
107,0.11
4174,0.0
4750,0.31
2167,0.06
6171,0.02
4090,0.13
319,0.42
3097,0.0
1647,0.03
6682,0.01
3148,0.04
5689,0.0
1205,0.02
5612,0.08
3387,0.2
6414,0.05
4625,0.1
1371,0.0
3260,0.0
3820,0.12
4130,0.0
1056,0.03
6858,0.01
1634,0.15
2290,0.02
1778,0.28
7542,0.0
1282,0.03
2236,0.26
4331,0.08
4276,0.07
556,0.03
5361,0.03
2859,0.04
5154,0.0
5368,0.01
6297,0.01
2166,0.26
3578,0.04
3792,0.13
2754,0.0
6919,0.08
4897,0.2
1916,0.04
1217,0.01
5208,0.03
352,0.0
897,0.02
1813,0.01
3893,0.0
6059,0.02
3561,0.42
6641,0.04
2796,0.04
2297,0.03
5387,0.0
4783,0.05
2102,0.0
6146,0.06
7319,0.17
2590,0.22
6746,0.02
1143,0.02
5576,0.02
2463,0.0
4180,0.03
3477,0.03
1015,0.49
1858,0.01
1323,0.02
528,0.08
1094,0.25
6136,0.01
394,0.06
3503,0.04
6363,0.38
1839,0.09
1157,0.02
596,0.29
6262,0.04
3724,0.4
597,0.27
6080,0.02
4292,0.01
5010,0.03
4915,0.0
57,0.26
3151,0.02
6383,0.04
3697,0.18
159,0.03
1202,0.38
2885,0.03
235,0.51
1233,0.0
819,0.06
5561,0.02
7153,0.03
6167,0.0
7453,0.14
5451,0.0
5486,0.0
5295,0.01
3435,0.02
2581,0.03
7240,0.44
934,0.0
369,0.03
2190,0.03
440,0.02
5143,0.01
3314,0.01
6762,0.04
7266,0.01
2294,0.07
3088,0.0
988,0.02
731,0.01
5953,0.01
6727,0.02
842,0.02
7331,0.02
2987,0.01
1703,0.0
1192,0.01
6106,0.01
1358,0.04
4496,0.06
3837,0.03
1814,0.05
4217,0.01
3805,0.0
1785,0.01
4559,0.26
3681,0.46
4227,0.05
1268,0.3
6844,0.01
5956,0.0
5207,0.23
4526,0.13
503,0.0
6441,0.0
2867,0.13
712,0.01
603,0.02
1962,0.04
1054,0.0
5743,0.0
4142,0.03
5110,0.01
2113,0.0
518,0.11
5151,0.01
2895,0.26
948,0.02
1344,0.05
384,0.0
608,0.53
6932,0.0
6996,0.03
4017,0.06
4685,0.14
570,0.15
5346,0.02
6359,0.03
1170,0.0
3448,0.0
6057,0.08
6997,0.01
3075,0.0
2693,0.15
1140,0.03
1253,0.01
1956,0.03
6812,0.0
6998,0.03
6465,0.01
6469,0.05
5797,0.03
105,0.04
651,0.05
367,0.47
2616,0.05
6693,0.02
4454,0.01
7647,0.08
4535,0.02
7005,0.02
439,0.16
964,0.03
831,0.08
1263,0.03
5590,0.35
4038,0.0
5538,0.21
2793,0.02
351,0.06
5789,0.0
7363,0.05
2687,0.03
5750,0.03
3737,0.0
5656,0.0
4377,0.01
5876,0.18
1771,0.02
4022,0.01
4483,0.48
1000,0.0
3123,0.09
2729,0.0
2321,0.21
5898,0.01
5610,0.04
7677,0.03
1653,0.02
622,0.02
285,0.54
7704,0.17
1256,0.02
2901,0.05
2934,0.14
5907,0.01
7152,0.03
4906,0.09
5364,0.01
1116,0.14
6507,0.01
89,0.45
4754,0.04
1211,0.01
2953,0.01
4891,0.22
5521,0.01
2417,0.14
4305,0.05
6476,0.06
2719,0.0
5910,0.01
6619,0.02
0,0.28
4515,0.2
4137,0.02
6606,0.08
6412,0.01
2599,0.27
6137,0.02
3073,0.0
7168,0.08
215,0.07
119,0.3
167,0.22
4578,0.03
7446,0.34
5035,0.0
2672,0.03
5686,0.01
5028,0.03
4663,0.0
691,0.01
6280,0.0
5934,0.01
814,0.02
3380,0.04
1349,0.06
1880,0.01
6512,0.0
982,0.12
2963,0.1
211,0.14
5255,0.0
1180,0.01
942,0.01
1509,0.37
686,0.01
5358,0.01
3533,0.08
7195,0.03
3218,0.32
4313,0.02
5569,0.0
2727,0.19
3896,0.04
219,0.0
2576,0.05
3379,0.22
967,0.04
6849,0.05
3089,0.01
7184,0.25
5939,0.0
2410,0.0
3081,0.02
6271,0.03
507,0.17
671,0.1
1155,0.13
99,0.41
6378,0.02
4116,0.11
1045,0.12
200,0.19
3884,0.37
2821,0.02
73,0.2
6528,0.01
2694,0.05
3934,0.15
2967,0.0
3346,0.01
780,0.05
713,0.03
6617,0.29
4552,0.08
654,0.02
2277,0.04
193,0.14
5073,0.04
7123,0.07
2470,0.02
2318,0.01
2605,0.03
3328,0.44
3983,0.0
670,0.07
5166,0.01
6784,0.01
2233,0.0
1204,0.0
1454,0.38
2611,0.4
5669,0.04
2767,0.2
3575,0.02
3686,0.04
4902,0.07
3929,0.01
5084,0.0
3807,0.07
4246,0.02
5247,0.03
3739,0.02
2845,0.03
2604,0.48
5781,0.03
4380,0.0
7162,0.0
1109,0.02
615,0.03
7368,0.03
7609,0.24
5832,0.0
4081,0.02
488,0.03
2058,0.11
2461,0.03
1687,0.41
2271,0.02
2431,0.01
222,0.35
3710,0.02
1679,0.03
4157,0.04
2636,0.0
5038,0.06
3256,0.02
128,0.05
7276,0.36
2855,0.01
2329,0.02
334,0.05
3630,0.04
637,0.03
5951,0.06
2840,0.02
1115,0.03
3135,0.01
15,0.01
913,0.03
1614,0.13
7364,0.01
3989,0.18
4124,0.12
3255,0.05
5328,0.05
4493,0.05
6304,0.04
7304,0.02
1678,0.08
4946,0.0
5810,0.0
1706,0.03
1887,0.06
7552,0.01
5653,0.01
594,0.01
2395,0.04
916,0.0
5121,0.02
938,0.37
5742,0.01
1300,0.52
4571,0.05
1641,0.02
2220,0.06
2458,0.0
7381,0.02
558,0.02
829,0.11
7335,0.05
627,0.13
4772,0.03
7536,0.02
5418,0.03
7099,0.43
3301,0.0
1316,0.01
6496,0.01
4751,0.0
976,0.02
3773,0.04
7034,0.0
4045,0.04
7111,0.0
309,0.01
1553,0.04
2171,0.02
67,0.14
6478,0.04
3626,0.01
4194,0.0
4476,0.01
3680,0.05
6353,0.34
5698,0.0
5809,0.01
5902,0.02
1352,0.68
6500,0.01
7399,0.01
4537,0.0
849,0.04
3162,0.01
1897,0.0
2037,0.06
4122,0.18
7578,0.01
4470,0.48
739,0.01
1508,0.02
2412,0.0
1364,0.19
28,0.05
2941,0.02
2249,0.27
4211,0.0
3393,0.0
4020,0.03
6214,0.4
6470,0.14
3069,0.01
549,0.22
3318,0.09
7382,0.0
5733,0.0
48,0.09
3185,0.07
272,0.0
2834,0.01
2455,0.02
3115,0.01
7420,0.2
4755,0.03
6655,0.02
4956,0.03
3071,0.1
6837,0.09
7185,0.03
1659,0.33
657,0.16
3079,0.07
5634,0.27
7488,0.01
1762,0.02
7061,0.45
4178,0.0
5614,0.06
4968,0.07
1426,0.06
1245,0.07
3249,0.04
5145,0.01
5815,0.01
1198,0.02
2482,0.33
3899,0.15
588,0.24
885,0.02
4417,0.02
1709,0.29
2550,0.01
2094,0.0
6697,0.02
7280,0.0
296,0.01
6439,0.13
3706,0.03
2194,0.04
3582,0.19
3957,0.08
4918,0.04
2532,0.02
4930,0.27
5560,0.01
1772,0.28
5830,0.01
1380,0.37
3592,0.0
7602,0.18
3198,0.03
6101,0.01
4695,0.16
506,0.49
2585,0.06
5673,0.05
2116,0.03
5099,0.02
2208,0.25
2800,0.04
1502,0.13
412,0.02
595,0.09
2612,0.33
3366,0.33
3436,0.0
7170,0.02
4290,0.0
4262,0.11
1640,0.16
968,0.06
2759,0.3
2637,0.23
6235,0.09
6907,0.01
7256,0.13
7537,0.04
1474,0.01
3355,0.02
5713,0.15
1197,0.07
1355,0.16
4071,0.02
5489,0.03
1954,0.43
3170,0.02
4729,0.04
4591,0.01
886,0.02
3916,0.03
110,0.03
2629,0.18
2515,0.0
4696,0.13
4250,0.07
2163,0.03
6454,0.01
4488,0.02
7636,0.39
4094,0.02
197,0.04
6700,0.02
6840,0.01
1521,0.02
16,0.43
6584,0.25
244,0.16
6341,0.09
2227,0.14
5288,0.0
2384,0.05
2041,0.05
4768,0.05
5937,0.0
792,0.03
451,0.01
853,0.13
2682,0.03
3552,0.47
3924,0.0
5949,0.01
1487,0.02
4647,0.13
176,0.35
1476,0.03
1889,0.03
1747,0.0
4344,0.22
645,0.05
7067,0.01
7533,0.12
1025,0.01
2273,0.03
5454,0.0
1775,0.18
4405,0.1
4453,0.02
6859,0.01
5555,0.02
3699,0.09
7342,0.04
5622,0.02
4263,0.04
7644,0.13
658,0.31
3443,0.38
4813,0.0
212,0.41
6848,0.01
1032,0.01
707,0.05
7646,0.02
6473,0.01
7259,0.03
1658,0.02
5206,0.03
1597,0.31
213,0.06
3308,0.02
6440,0.01
5503,0.03
6303,0.0
4487,0.05
626,0.01
3106,0.04
2374,0.01
5529,0.0
3986,0.0
7329,0.31
6735,0.11
2994,0.03
5736,0.0
1893,0.31
5691,0.04
7722,0.02
6806,0.01
6203,0.03
4002,0.05
1041,0.03
179,0.06
5160,0.0
2818,0.02
6864,0.19
687,0.02
2260,0.02
697,0.27
2188,0.02
6102,0.67
3122,0.06
6064,0.13
1483,0.01
3761,0.0
7655,0.07
3036,0.02
4171,0.1
992,0.26
2362,0.2
1089,0.08
5158,0.0
2543,0.09
1842,0.14
6114,0.1
2370,0.01
3444,0.0
7605,0.06
1494,0.01
5720,0.03
2849,0.12
5406,0.12
553,0.38
3656,0.08
1378,0.08
6531,0.11
413,0.07
3394,0.25
4701,0.03
3771,0.05
7033,0.0
224,0.13
6521,0.02
2917,0.46
5369,0.0
1569,0.05
1057,0.03
5732,0.24
3958,0.19
1891,0.0
4216,0.02
3990,0.09
5904,0.02
2513,0.01
469,0.08
6713,0.0
1368,0.27
7495,0.07
1963,0.0
4794,0.0
158,0.06
349,0.04
5279,0.01
5547,0.01
1603,0.01
4644,0.0
3514,0.04
6759,0.0
7164,0.09
1100,0.0
6555,0.01
2696,0.14
2358,0.0
7128,0.01
4605,0.07
3694,0.07
2538,0.19
3670,0.05
799,0.0
575,0.01
867,0.03
3543,0.12
2868,0.0
3076,0.06
5901,0.0
2773,0.01
3542,0.04
6015,0.01
3046,0.0
5171,0.02
372,0.02
5430,0.03
442,0.03
7323,0.27
5480,0.01
4919,0.17
1621,0.21
1727,0.43
2375,0.05
7473,0.12
287,0.01
5617,0.01
7354,0.01
6178,0.05
2262,0.06
5690,0.22
3744,0.04
5181,0.35
2298,0.09
5553,0.01
1831,0.06
3090,0.02
901,0.01
1031,0.05
3179,0.04
4466,0.01
4202,0.01
5756,0.01
4509,0.0
256,0.16
1187,0.0
5637,0.0
498,0.15
2106,0.16
812,0.01
4018,0.03
7468,0.06
3453,0.48
5792,0.0
6890,0.01
3180,0.05
6397,0.11
6879,0.01
1066,0.03
734,0.43
7640,0.02
1901,0.01
3324,0.04
7199,0.31
4505,0.04
5399,0.26
5205,0.0
7593,0.13
1723,0.49
5444,0.02
3917,0.02
3936,0.02
4196,0.04
2943,0.48
6092,0.03
1698,0.06
7308,0.48
4165,0.02
4503,0.02
425,0.39
6003,0.0
2826,0.0
772,0.2
1152,0.05
1354,0.31
4096,0.03
5731,0.0
3349,0.09
3921,0.26
457,0.02
616,0.02
4583,0.01
7491,0.04
2772,0.07
3532,0.31
6974,0.0
2283,0.13
4455,0.01
5156,0.0
6915,0.02
1562,0.0
1908,0.01
5391,0.29
2811,0.03
1714,0.16
112,0.07
4762,0.01
6738,0.01
4123,0.04
1649,0.15
7709,0.02
30,0.09
3539,0.15
4311,0.01
7604,0.4
2803,0.0
3459,0.03
1375,0.02
3975,0.16
4213,0.0
7504,0.15
524,0.02
2182,0.44
4892,0.49
6900,0.0
1466,0.14
1710,0.01
1557,0.01
5225,0.0
2263,0.03
7507,0.01
5880,0.0
1845,0.03
1573,0.01
2437,0.01
4637,0.04
6560,0.28
401,0.04
6867,0.0
1764,0.05
2031,0.02
3838,0.02
5978,0.04
918,0.23
1107,0.02
3845,0.0
5906,0.0
429,0.02
1605,0.11
2779,0.05
6583,0.38
1022,0.1
2056,0.14
5598,0.07
6202,0.0
7330,0.04
2145,0.46
2893,0.0
6267,0.07
5012,0.02
2873,0.08
6880,0.0
4780,0.02
994,0.33
5428,0.0
6490,0.03
6598,0.07
7002,0.0
4904,0.17
2334,0.0
547,0.01
106,0.42
6324,0.09
2228,0.06
2677,0.0
660,0.1
1397,0.21
3734,0.01
328,0.0
4334,0.01
4592,0.01
6582,0.32
1150,0.07
1350,0.43
1012,0.25
5788,0.02
2398,0.01
7365,0.02
4622,0.0
2152,0.47
1393,0.42
1724,0.23
3505,0.05
2276,0.0
6939,0.01
5770,0.04
4267,0.04
4937,0.06
5120,0.01
4409,0.03
2715,0.2
2954,0.13
3869,0.44
1289,0.01
4388,0.09
460,0.19
5382,0.02
4911,0.02
5271,0.0
1680,0.01
3860,0.01
203,0.21
5325,0.01
2342,0.0
7561,0.05
5471,0.04
676,0.51
5306,0.02
2548,0.05
6471,0.0
3050,0.0
5077,0.0
3365,0.02
3652,0.0
5390,0.1
7384,0.0
5086,0.01
6595,0.11
6177,0.0
2204,0.02
3862,0.0
3812,0.03
1754,0.15
859,0.41
619,0.33
6402,0.03
1478,0.32
3311,0.3
630,0.48
6562,0.0
769,0.4
2399,0.05
4831,0.01
1370,0.26
4767,0.01
4198,0.14
6972,0.0
4688,0.0
2206,0.15
2913,0.0
4489,0.0
2479,0.0
1834,0.0
3926,0.1
2247,0.01
6887,0.43
7406,0.01
2496,0.0
3683,0.07
2083,0.02
3021,0.03
3879,0.24
3954,0.14
3244,0.09
1194,0.04
7528,0.03
5036,0.03
6892,0.01
2973,0.02
2985,0.01
3751,0.01
955,0.02
2467,0.06
7535,0.01
3506,0.01
1128,0.02
1639,0.01
3908,0.03
2229,0.0
2846,0.01
5957,0.08
1609,0.47
363,0.01
634,0.14
2386,0.3
6169,0.01
3709,0.02
6525,0.05
5189,0.29
526,0.03
5508,0.05
6390,0.01
796,0.02
4654,0.01
564,0.01
874,0.03
6797,0.0
4925,0.26
5437,0.08
1560,0.02
1265,0.07
6509,0.02
1328,0.26
2971,0.01
210,0.01
5903,0.03
2001,0.05
5927,0.31
3130,0.17
5402,0.62
1249,0.38
696,0.06
3736,0.0
6252,0.04
2850,0.26
809,0.02
764,0.15
5464,0.03
2295,0.04
2753,0.01
2678,0.33
3684,0.04
5329,0.02
4770,0.01
1287,0.05
1443,0.05
2029,0.02
5201,0.0
2224,0.1
2122,0.03
5360,0.03
3778,0.04
3567,0.01
3949,0.02
3858,0.14
3208,0.0
6437,0.31
5286,0.01
844,0.01
1796,0.39
3754,0.0
5640,0.0
836,0.05
1552,0.38
3499,0.01
1538,0.01
2150,0.07
3559,0.0
808,0.28
6721,0.0
5777,0.03
5129,0.02
6066,0.02
3337,0.03
2280,0.0
850,0.07
4279,0.1
3689,0.08
4872,0.21
1497,0.01
1625,0.01
259,0.06
3833,0.0
1984,0.19
255,0.0
4581,0.01
253,0.07
3788,0.01
4858,0.12
1886,0.01
871,0.04
5235,0.0
142,0.17
6624,0.31
4673,0.02
1992,0.03
2806,0.02
1125,0.0
817,0.14
88,0.17
269,0.04
1382,0.09
822,0.6
3348,0.09
2734,0.0
2809,0.01
2603,0.33
6676,0.05
1040,0.03
303,0.02
1446,0.46
448,0.01
5725,0.03
3307,0.11
668,0.02
6790,0.0
5842,0.0
930,0.03
1049,0.11
1522,0.0
5396,0.0
5935,0.04
5397,0.02
2459,0.19
2878,0.01
5414,0.1
3703,0.03
180,0.01
573,0.28
6674,0.03
5445,0.01
5966,0.0
4355,0.06
2462,0.0
6244,0.04
1755,0.01
3059,0.0
2542,0.04
2902,0.02
5767,0.03
7407,0.01
1028,0.11
7398,0.02
2650,0.02
718,0.01
29,0.09
580,0.0
6906,0.02
2402,0.33
1019,0.01
6575,0.22
2393,0.01
4403,0.01
2634,0.14
40,0.55
7474,0.03
1357,0.0
6153,0.0
7149,0.04
4432,0.0
118,0.5
4152,0.11
4055,0.03
4580,0.03
3616,0.02
5854,0.04
3319,0.02
3500,0.2
125,0.01
5509,0.16
704,0.1
2947,0.03
161,0.07
5022,0.01
693,0.03
471,0.01
6056,0.0
114,0.41
3369,0.05
1554,0.0
290,0.26
1590,0.07
3483,0.04
3192,0.01
3866,0.04
7493,0.01
3992,0.06
80,0.14
864,0.0
205,0.02
3682,0.02
1222,0.0
7587,0.02
2411,0.12
3517,0.03
6176,0.01
1184,0.42
5544,0.0
2033,0.01
1742,0.44
1088,0.14
6049,0.0
919,0.03
7532,0.46
6536,0.0
3887,0.56
2207,0.03
1600,0.02
7514,0.12
1655,0.09
572,0.15
2078,0.0
4343,0.03
6238,0.03
4063,0.0
1615,0.0
1124,0.05
2022,0.67
5751,0.02
6433,0.02
341,0.0
2019,0.01
1784,0.02
2426,0.03
2380,0.1
4224,0.37
7052,0.01
4708,0.02
3035,0.03
474,0.07
7254,0.0
1418,0.34
7143,0.3
534,0.08
6333,0.04
6772,0.01
861,0.51
330,0.04
1166,0.01
640,0.23
4429,0.05
3509,0.1
6816,0.0
4278,0.06
5290,0.03
6257,0.03
5385,0.05
4722,0.01
3562,0.01
1003,0.05
342,0.49
7390,0.05
4461,0.01
3786,0.01
482,0.01
2591,0.04
6061,0.0
4387,0.09
2012,0.03
6427,0.01
5983,0.01
7260,0.02
2240,0.18
154,0.03
7039,0.02
6411,0.01
5952,0.0
3583,0.04
2091,0.0
1161,0.0
7391,0.01
3474,0.48
5619,0.01
7324,0.08
481,0.42
308,0.06
6273,0.02
194,0.19
4504,0.07
2196,0.11
2197,0.42
872,0.01
2181,0.05
6392,0.01
1136,0.01
6990,0.02
3658,0.05
3126,0.0
292,0.38
2579,0.08
7565,0.12
1807,0.12
7294,0.31
1453,0.31
4600,0.27
1894,0.01
5895,0.02
1067,0.01
1221,0.02
1243,0.02
2495,0.04
4437,0.04
169,0.68
3147,0.03
2627,0.51
171,0.01
5056,0.04
3103,0.0
535,0.12
3935,0.01
157,0.02
1993,0.04
3577,0.0
5744,0.02
5187,0.02
7113,0.0
3777,0.46
6783,0.11
1065,0.01
6384,0.02
2050,0.39
5262,0.0
7457,0.09
854,0.15
2680,0.58
2201,0.11
3313,0.02
4323,0.11
1863,0.17
1227,0.02
1048,0.06
996,0.08
386,0.03
6422,0.04
1733,0.46
135,0.25
4779,0.0
7114,0.06
7615,0.09
1873,0.0
1811,0.08
7284,0.13
680,0.35
7136,0.12
1504,0.0
3874,0.01
4998,0.01
761,0.04
700,0.04
4815,0.02
6488,0.04
2813,0.04
4880,0.0
404,0.35
5138,0.03
124,0.05
7641,0.04
6809,0.01
76,0.39
7357,0.04
7477,0.01
4745,0.0
322,0.01
1452,0.01
4980,0.05
798,0.0
6898,0.01
2002,0.09
6199,0.09
4309,0.0
6051,0.18
2876,0.03
3336,0.0
6352,0.3
2991,0.01
7220,0.32
5253,0.01
4769,0.01
5353,0.01
6042,0.03
262,0.04
5107,0.01
69,0.27
546,0.5
7343,0.02
4531,0.0
3634,0.03
4480,0.33
3234,0.44
1541,0.02
72,0.03
2385,0.05
4179,0.02
6835,0.43
1537,0.02
3882,0.08
2764,0.13
5082,0.01
6078,0.01
7408,0.0
3410,0.03
4324,0.0
2288,0.03
5820,0.03
1138,0.72
6075,0.01
4109,0.12
2531,0.02
1351,0.06
4555,0.03
4639,0.0
1367,0.55
935,0.01
2086,0.42
4185,0.23
5624,0.0
1096,0.0
641,0.52
7341,0.02
655,0.36
6834,0.0
2784,0.45
1510,0.03
1826,0.09
1191,0.17
7463,0.41
7115,0.12
1162,0.01
2962,0.03
6480,0.0
6564,0.03
1283,0.04
4529,0.03
1773,0.04
2558,0.41
3733,0.01
1586,0.03
2897,0.01
361,0.0
223,0.2
3132,0.05
1542,0.28
2789,0.09
2383,0.0
5687,0.01
6709,0.04
1347,0.05
3109,0.0
1832,0.29
1081,0.04
4867,0.25
4984,0.01
4039,0.0
4284,0.04
1104,0.25
3102,0.01
1011,0.04
3221,0.19
4572,0.0
5093,0.0
5819,0.03
6276,0.0
760,0.3
519,0.01
3875,0.15
4577,0.0
6335,0.0
6635,0.0
3880,0.53
5693,0.02
2377,0.05
3472,0.01
2158,0.0
998,0.4
1579,0.06
5761,0.01
4070,0.02
53,0.12
2630,0.0
2755,0.04
1895,0.02
4247,0.01
5631,0.01
7581,0.02
4394,0.01
2081,0.15
5727,0.0
5849,0.01
1084,0.08
1321,0.28
4074,0.0
677,0.05
7661,0.25
1006,0.2
5435,0.01
7450,0.05
5829,0.11
2073,0.03
2487,0.26
6377,0.42
1531,0.06
6648,0.01
7070,0.06
6664,0.0
878,0.28
3591,0.03
6195,0.01
7558,0.22
6744,0.0
5315,0.0
7660,0.03
1086,0.05
5015,0.01
2940,0.05
7710,0.0
6087,0.41
4553,0.02
3138,0.0
3654,0.04
2210,0.12
7337,0.01
5625,0.0
1489,0.56
5461,0.01
2823,0.0
5302,0.01
437,0.02
5266,0.0
5963,0.01
6100,0.09
1849,0.0
2522,0.01
1123,0.01
1039,0.05
7567,0.05
4924,0.36
1657,0.45
1238,0.02
1108,0.0
7291,0.02
4363,0.03
33,0.23
6601,0.03
5494,0.0
4712,0.14
66,0.02
2697,0.07
316,0.17
1816,0.0
24,0.12
1574,0.04
4725,0.0
834,0.03
631,0.44
3291,0.03
5707,0.01
932,0.32
2712,0.09
4330,0.06
530,0.09
7696,0.1
3230,0.03
2827,0.15
3758,0.09
7322,0.44
3821,0.01
667,0.01
2009,0.04
2293,0.02
6404,0.0
4753,0.0
4650,0.22
1284,0.26
3735,0.0
5514,0.03
3488,0.12
936,0.0
5900,0.02
4714,0.0
555,0.28
5688,0.01
1330,0.04
2344,0.05
2178,0.01
6284,0.0
5882,0.0
2644,0.29
3242,0.13
7174,0.0
7513,0.01
1899,0.01
1691,0.02
6124,0.01
4771,0.01
2491,0.01
5224,0.01
7090,0.02
2514,0.0
397,0.05
2575,0.03
1808,0.24
890,0.13
491,0.26
1093,0.06
5440,0.02
5924,0.03
1102,0.0
1865,0.07
5638,0.33
6913,0.06
4691,0.02
2638,0.05
2822,0.04
168,0.17
5470,0.01
1190,0.0
2272,0.56
6256,0.18
6856,0.05
5722,0.01
566,0.36
2187,0.02
1105,0.05
3859,0.01
447,0.01
2642,0.13
4011,0.01
4031,0.35
544,0.04
7672,0.03
4007,0.02
1803,0.07
5753,0.01
4953,0.0
815,0.46
4288,0.0
3950,0.0
5835,0.01
2871,0.01
675,0.0
3637,0.38
2910,0.0
4151,0.03
3550,0.09
5532,0.36
1334,0.05
4871,0.03
7706,0.3
5715,0.01
4251,0.31
7047,0.03
5764,0.0
2948,0.05
4373,0.02
7492,0.16
531,0.15
1346,0.49
1154,0.0
3463,0.06
3791,0.04
1297,0.02
4460,0.01
3258,0.01
5067,0.01
3956,0.05
6810,0.0
3231,0.02
1581,0.19
5630,0.04
6319,0.01
5278,0.04
652,0.04
2977,0.06
2557,0.54
1822,0.0
7400,0.0
915,0.02
3331,0.08
5633,0.09
3665,0.14
1919,0.0
7610,0.1
1777,0.2
3470,0.14
4233,0.0
7428,0.27
357,0.34
6347,0.01
204,0.23
7555,0.12
3585,0.01
7230,0.01
3668,0.01
7675,0.0
5231,0.01
1413,0.12
3811,0.14
5069,0.01
438,0.07
6193,0.01
742,0.03
4301,0.01
4655,0.03
7163,0.01
5762,0.06
2486,0.31
5704,0.02
2405,0.36
415,0.0
5465,0.05
3902,0.1
3815,0.42
5507,0.1
6885,0.02
2367,0.05
5950,0.0
5568,0.23
1584,0.04
6227,0.15
1704,0.03
5182,0.03
1151,0.02
6511,0.01
4510,0.01
417,0.3
6038,0.03
7145,0.18
757,0.56
3535,0.09
1767,0.0
2104,0.02
4222,0.01
5853,0.01
333,0.0
688,0.01
678,0.24
2472,0.01
5176,0.14
6481,0.03
4354,0.02
7375,0.04
6143,0.03
5596,0.0
1327,0.08
378,0.18
7177,0.0
754,0.42
3731,0.0
4683,0.01
4242,0.11
2856,0.05
3039,0.38
499,0.03
4646,0.0
7698,0.16
2281,0.02
226,0.04
4438,0.0
7645,0.3
3529,0.04
4040,0.04
3191,0.0
3762,0.04
395,0.11
5381,0.01
1700,0.02
5520,0.05
436,0.02
6620,0.06
2049,0.01
7597,0.0
1404,0.48
3390,0.11
420,0.07
2354,0.09
453,0.01
6742,0.01
4336,0.0
1699,0.49
1386,0.01
3769,0.19
4593,0.01
720,0.04
4710,0.01
5004,0.0
3766,0.13
7158,0.08
1618,0.12
7096,0.43
777,0.04
5864,0.02
6428,0.03
2151,0.01
3286,0.07
3772,0.03
71,0.05
3861,0.05
3480,0.16
1225,0.03
4873,0.07
6436,0.04
1550,0.14
6688,0.0
7379,0.0
5724,0.0
6661,0.04
612,0.04
4269,0.01
305,0.01
3055,0.05
2011,0.12
1518,0.06
3842,0.0
6695,0.01
5577,0.01
510,0.26
2180,0.21
1010,0.02
4422,0.0
5930,0.02
6054,0.02
3351,0.07
3024,0.02
4208,0.03
2864,0.01
5092,0.03
3043,0.01
3241,0.54
7658,0.07
4159,0.03
7042,0.0
3078,0.02
6278,0.05
7529,0.02
5723,0.01
2651,0.33
126,0.01
2418,0.3
2243,0.18
1900,0.03
7431,0.02
793,0.0
1164,0.0
4256,0.0
3763,0.02
4694,0.23
115,0.17
3203,0.01
6186,0.01
1604,0.33
1468,0.03
5512,0.03
3826,0.04
5870,0.01
5340,0.03
5466,0.02
6633,0.08
905,0.18
7063,0.41
778,0.0
1905,0.01
6965,0.0
1182,0.02
729,0.01
3486,0.0
7124,0.41
2814,0.01
752,0.11
3549,0.01
4204,0.0
6886,0.01
726,0.04
899,0.03
1763,0.02
7224,0.11
6083,0.09
617,0.06
3669,0.01
7369,0.04
987,0.46
408,0.04
1864,0.01
4469,0.01
1139,0.06
209,0.03
3216,0.34
7437,0.02
1348,0.09
6527,0.06
5593,0.0
5578,0.0
3415,0.02
2524,0.13
5718,0.01
4411,0.0
5796,0.0
46,0.56
823,0.05
4602,0.08
736,0.02
3745,0.0
2474,0.06
7695,0.01
7569,0.01
2819,0.03
6808,0.04
375,0.03
7523,0.04
4426,0.0
1654,0.02
1090,0.01
4401,0.03
981,0.0
2284,0.03
1469,0.15
1711,0.45
6740,0.01
1293,0.19
7334,0.21
7073,0.01
5460,0.0
2857,0.0
6360,0.29
354,0.34
7027,0.03
1390,0.31
3020,0.01
706,0.32
2666,0.05
2343,0.05
3871,0.01
2552,0.01
3247,0.4
7590,0.03
1830,0.01
3445,0.0
3376,0.2
5417,0.15
143,0.04
5734,0.01
2366,0.07
767,0.01
2396,0.02
2946,0.01
5217,0.1
4299,0.0
4631,0.01
3987,0.01
1158,0.02
2686,0.05
5308,0.04
5179,0.05
2013,0.0
1836,0.03
2950,0.02
3440,0.0
1062,0.0
3451,0.02
5908,0.02
1630,0.02
324,0.01
4860,0.06
4079,0.02
7179,0.0
3219,0.05
3025,0.05
733,0.03
7599,0.0
5928,0.01
3507,0.0
2,0.05
766,0.01
1261,0.03
3452,0.49
609,0.06
1007,0.02
4684,0.0
2620,0.01
6325,0.3
1129,0.01
911,0.0
4737,0.0
891,0.08
7663,0.04
3446,0.0
4300,0.09
7376,0.02
4107,0.12
1736,0.01
6888,0.01
753,0.07
6295,0.01
1841,0.12
3785,0.19
865,0.45
3611,0.02
6573,0.05
5487,0.04
6253,0.04
3261,0.02
2837,0.05
3467,0.02
2209,0.02
5588,0.0
147,0.05
7209,0.01
109,0.43
2622,0.22
5969,0.01
5199,0.05
100,0.06
2861,0.0
4136,0.0
2319,0.01
4389,0.1
1682,0.0
5370,0.04
4491,0.04
3233,0.04
1556,0.05
3798,0.03
416,0.07
6756,0.02
6618,0.0
1147,0.37
1871,0.06
709,0.0
3339,0.01
837,0.02
6826,0.05
3279,0.02
7245,0.52
3623,0.04
748,0.03
3017,0.01
6464,0.0
4058,0.1
5795,0.01
360,0.01
7487,0.01
4532,0.31
3293,0.0
149,0.21
2551,0.0
4425,0.53
3117,0.01
3828,0.04
4659,0.49
3570,0.35
2741,0.44
1570,0.29
881,0.27
7411,0.05
4287,0.03
1517,0.0
359,0.02
1648,0.0
6388,0.02
7693,0.01
7439,0.04
323,0.05
5128,0.02
5822,0.0
517,0.1
6451,0.0
2921,0.18
5008,0.01
5238,0.02
6113,0.01
2502,0.04
685,0.03
908,0.0
1429,0.04
3464,0.01
300,0.23
2553,0.53
5739,0.01
4885,0.23
7486,0.0
2738,0.07
7348,0.0
5472,0.03
1690,0.02
1779,0.02
2341,0.03
4741,0.0
2501,0.0
454,0.44
4057,0.03
2512,0.0
2984,0.03
4949,0.02
1435,0.16
2420,0.02
1228,0.22
1638,0.2
3157,0.0
1668,0.03
6327,0.01
5229,0.0
887,0.03
1471,0.53
2608,0.3
4274,0.03
7502,0.26
2278,0.01
3600,0.48
502,0.02
3576,0.04
540,0.31
920,0.03
1439,0.05
6435,0.0
3121,0.01
4790,0.0
5891,0.0
6683,0.0
1095,0.01
7166,0.04
4050,0.53
5867,0.01
6099,0.01
758,0.11
4599,0.03
3679,0.06
4391,0.4
7736,0.32
313,0.07
4382,0.01
3154,0.0
3006,0.0
7119,0.31
2457,0.02
6522,0.01
4499,0.0
5394,0.02
648,0.08
379,0.34
6296,0.0
533,0.04
2440,0.0
7082,0.52
428,0.4
2874,0.48
2571,0.05
875,0.07
1799,0.44
1671,0.01
7069,0.05
568,0.19
4381,0.0
5597,0.26
811,0.06
857,0.06
17,0.53
6647,0.0
4080,0.03
6,0.03
4726,0.03
5712,0.02
3895,0.11
2162,0.52
7588,0.01
7270,0.52
763,0.17
7105,0.01
4793,0.0
4255,0.02
3362,0.01
3793,0.0
7621,0.21
4879,0.03
2825,0.11
6004,0.01
1938,0.03
5222,0.01
4479,0.03
4431,0.08
2916,0.02
7518,0.03
3755,0.05
3111,0.0
4703,0.0
3140,0.0
4724,0.01
2414,0.0
4713,0.01
4386,0.02
1027,0.08
3534,0.04
3167,0.06
5629,0.1
3200,0.0
4889,0.26
3476,0.02
42,0.23
4740,0.01
2303,0.08
5651,0.01
4,0.52
3961,0.09
5745,0.23
3856,0.01
4635,0.02
1036,0.28
3952,0.01
2776,0.41
2286,0.01
4230,0.01
4475,0.01
3287,0.01
1970,0.0
7054,0.05
1239,0.0
1681,0.02
785,0.05
5321,0.17
4667,0.01
82,0.76
7370,0.0
5516,0.01
2317,0.01
3969,0.23
2676,0.03
3687,0.45
951,0.02
7074,0.01
4702,0.08
5125,0.01
2713,0.04
5833,0.0
1178,0.04
5800,0.0
7107,0.01
1694,0.04
49,0.37
6289,0.01
3711,0.01
6239,0.01
5806,0.01
2535,0.05
925,0.44
4830,0.08
7076,0.09
315,0.21
5009,0.02
4138,0.01
4106,0.02
7396,0.39
2042,0.01
2739,0.0
5468,0.01
3960,0.0
5599,0.21
1575,0.04
3729,0.04
291,0.58
4353,0.07
833,0.04
5613,0.04
7560,0.11
396,0.09
297,0.5
1765,0.11
2970,0.01
5567,0.05
3844,0.02
4105,0.49
563,0.0
6593,0.01
5807,0.0
5679,0.02
7281,0.63
5449,0.0
2409,0.12
230,0.07
1186,0.04
4715,0.03
7429,0.02
662,0.04
1661,0.09
1809,0.01
2844,0.06
463,0.17
1876,0.02
1232,0.26
3830,0.0
130,0.02
2602,0.02
4097,0.02
5351,0.05
5001,0.03
1906,0.0
973,0.01
6893,0.02
4396,0.0
2095,0.01
4169,0.0
5670,0.04
1644,0.05
6174,0.0
1447,0.25
6608,0.09
5543,0.11
4427,0.04
7583,0.01
788,0.01
6884,0.02
3225,0.34
6663,0.02
2843,0.01
6281,0.04
6431,0.28
4315,0.03
6259,0.0
3959,0.04
5357,0.0
183,0.18
6098,0.53
4907,0.01
5700,0.0
4416,0.0
4095,0.01
7596,0.0
3742,0.01
4764,0.01
4103,0.44
6775,0.01
1008,0.0
3399,0.19
6720,0.11
5484,0.01
2549,0.01
286,0.15
3492,0.07
501,0.06
7361,0.01
3484,0.02
5773,0.37
5571,0.06
4999,0.0
3427,0.0
2035,0.13
5863,0.02
2621,0.19
6656,0.0
4967,0.0
1977,0.02
6048,0.0
7481,0.0
433,0.22
4021,0.0
7138,0.09
6541,0.01
160,0.07
6395,0.01
7333,0.06
3521,0.05
295,0.34
3321,0.01
2235,0.15
3371,0.01
462,0.09
1408,0.06
7262,0.2
4524,0.05
1271,0.29
3854,0.04
7278,0.51
1907,0.08
6940,0.11
4472,0.03
2082,0.01
6845,0.0
1546,0.11
2889,0.05
1665,0.38
3220,0.28
5244,0.05
6626,0.01
4629,0.02
1978,0.0
11,0.04
2032,0.18
6468,0.04
4186,0.41
1201,0.49
1310,0.2
1126,0.03
2499,0.52
117,0.09
1674,0.09
4866,0.18
90,0.47
4368,0.04
949,0.44
3832,0.03
2215,0.01
6090,0.04
7436,0.26
1101,0.03
3027,0.4
1299,0.23
2526,0.03
7521,0.0
3933,0.31
6761,0.0
5433,0.01
2139,0.0
4636,0.11
2311,0.04
4942,0.03
1656,0.03
6698,0.03
3676,0.06
5881,0.04
1512,0.04
335,0.24
4962,0.0
2626,0.08
4464,0.01
3386,0.05
1798,0.01
1776,0.05
5639,0.04
1457,0.0
7050,0.13
7412,0.02
4804,0.03
2361,0.0
1491,0.01
1896,0.21
2475,0.01
2483,0.45
2898,0.12
2674,0.06
6122,0.01
2615,0.12
805,0.26
1078,0.01
2769,0.0
7320,0.35
7336,0.04
2689,0.03
7553,0.05
926,0.07
6142,0.21
2892,0.02
304,0.35
2225,0.22
1237,0.09
344,0.0
1047,0.0
1210,0.0
4000,0.01
1848,0.02
6459,0.01
1035,0.05
487,0.29
6615,0.04
1018,0.45
7635,0.04
411,0.05
1882,0.02
7289,0.18
4527,0.0
945,0.2
4126,0.11
2413,0.2
3114,0.02
2937,0.12
4049,0.31
5459,0.03
3131,0.04
6452,0.11
2807,0.04
5172,0.6
4661,0.0
5918,0.02
6261,0.0
4832,0.03
5921,0.01
984,0.05
6925,0.19
2961,0.0
3963,0.14
6127,0.0
2089,0.0
2894,0.21
7150,0.25
1853,0.04
656,0.04
4582,0.07
7167,0.08
943,0.03
5582,0.01
1044,0.03
1789,0.08
4747,0.0
6346,0.01
7165,0.43
4297,0.05
5905,0.01
497,0.0
6045,0.02
5605,0.22
866,0.05
3108,0.01
4201,0.0
525,0.02
3236,0.22
4697,0.03
3741,0.01
2111,0.01
7198,0.03
7277,0.48
6157,0.02
1564,0.06
1515,0.33
4199,0.01
3169,0.09
7299,0.12
4172,0.01
6928,0.02
4606,0.04
5261,0.01
2077,0.46
1231,0.01
3973,0.02
845,0.08
3320,0.06
7121,0.35
21,0.02
1419,0.02
7608,0.07
5674,0.0
2582,0.36
37,0.04
4579,0.01
6329,0.01
6523,0.04
1547,0.0
1437,0.08
1401,0.14
6416,0.0
467,0.03
3800,0.23
1395,0.0
4802,0.07
1342,0.05
4922,0.32
1821,0.0
4462,0.1
7516,0.01
5150,0.01
1319,0.0
3361,0.0
190,0.0
4264,0.02
3397,0.03
6413,0.0
7721,0.01
3944,0.0
3971,0.01
582,0.11
1021,0.02
5421,0.01
1918,0.0
5075,0.35
5591,0.0
5300,0.12
6245,0.0
5212,0.0
4811,0.02
598,0.6
5307,0.09
7340,0.02
4465,0.1
980,0.02
477,0.16
4370,0.0
741,0.0
554,0.3
6010,0.0
3967,0.37
2596,0.36
186,0.17
314,0.02
3749,0.02
1318,0.02
1448,0.27
3518,0.34
4322,0.0
4144,0.0
958,0.04
6513,0.01
3790,0.0
6543,0.11
3643,0.0
5469,0.02
282,0.04
7545,0.0
6105,0.08
483,0.04
2781,0.0
4865,0.0
4443,0.01
1068,0.5
1633,0.04
6934,0.02
2517,0.03
7720,0.04
3019,0.01
1999,0.04
434,0.05
101,0.45
4390,0.0
2673,0.06
4088,0.05
6460,0.24
7438,0.0
3136,0.49
737,0.29
2328,0.02
3843,0.01
4540,0.15
5241,0.04
6838,0.02
3152,0.02
7713,0.0
500,0.51
2382,0.27
4874,0.05
14,0.02
7023,0.17
3113,0.0
2598,0.04
7711,0.02
1050,0.01
6328,0.0
3715,0.0
560,0.42
4923,0.05
3045,0.03
1325,0.46
6836,0.0
7201,0.09
1326,0.32
2908,0.08
5159,0.0
3660,0.0
3049,0.01
7505,0.0
1606,0.01
2053,0.43
4177,0.01
5603,0.08
6279,0.01
2454,0.41
505,0.0
2304,0.02
1020,0.54
3794,0.25
699,0.01
5070,0.07
4371,0.01
6115,0.01
2046,0.02
2787,0.14
1666,0.15
2537,0.01
177,0.04
2076,0.09
5411,0.0
2064,0.54
5973,0.0
7112,0.01
7705,0.05
1726,0.23
4519,0.18
771,0.0
1209,0.02
1279,0.19
3317,0.0
59,0.04
896,0.03
1829,0.0
2751,0.04
4706,0.03
2520,0.03
1986,0.0
4787,0.02
2238,0.01
3516,0.03
1176,0.04
1414,0.48
83,0.48
2805,0.42
787,0.01
1462,0.02
374,0.18
1786,0.01
1862,0.41
5566,0.03
701,0.04
2645,0.31
2364,0.08
4734,0.17
7011,0.03
5045,0.03
5947,0.01
3163,0.02
6351,0.04
6768,0.01
755,0.55
2979,0.0
1670,0.01
145,0.04
3316,0.05
1877,0.01
7494,0.03
4900,0.01
2112,0.05
6370,0.08
2681,0.28
1005,0.08
1112,0.28
4163,0.09
2875,0.04
2110,0.0
4711,0.02
5879,0.02
4168,0.03
3160,0.02
3246,0.32
1722,0.09
3834,0.06
632,0.04
2527,0.01
111,0.02
917,0.08
4533,0.15
7221,0.3
5185,0.02
4895,0.03
5148,0.05
3487,0.0
6578,0.05
5636,0.03
479,0.01
5757,0.02
5570,0.01
1146,0.03
7410,0.0
2563,0.09
3469,0.23
2213,0.07
325,0.49
5352,0.0
3508,0.03
2924,0.03
1428,0.07
3603,0.01
252,0.25
6396,0.05
559,0.22
6149,0.03
472,0.01
3473,0.43
7395,0.43
2703,0.05
4590,0.01
278,0.1
4829,0.02
2839,0.03
6591,0.03
7160,0.13
1320,0.02
246,0.02
789,0.0
939,0.04
5896,0.12
4302,0.05
4306,0.01
1594,0.09
1430,0.13
4657,0.03
2534,0.09
1387,0.02
1692,0.12
5026,0.08
4630,0.11
4826,0.01
7372,0.02
1805,0.02
4851,0.01
277,0.04
7305,0.3
3143,0.03
3779,0.01
971,0.03
2301,0.58
2919,0.02
1875,0.04
7077,0.04
5608,0.03
2544,0.0
4084,0.01
892,0.14
959,0.24
4995,0.05
5985,0.0
5528,0.0
3116,0.29
6597,0.05
1532,0.14
2710,0.47
2927,0.01
3381,0.01
6361,0.0
4878,0.01
1598,0.02
6029,0.01
4110,0.02
38,0.03
4807,0.02
4886,0.06
2728,0.09
6788,0.02
7127,0.03
7206,0.02
6082,0.02
4062,0.01
1561,0.14
4189,0.02
5522,0.0
1118,0.21
2939,0.25
3566,0.04
1240,0.09
5979,0.01
6219,0.01
673,0.14
5443,0.31
3388,0.19
1077,0.07
7181,0.03
1623,0.03
7229,0.33
828,0.0
4379,0.02
116,0.05
4545,0.01
3259,0.08
2829,0.01
4430,0.02
6941,0.07
2808,0.0
6376,0.04
3907,0.03
2153,0.5
4133,0.05
6546,0.0
2434,0.03
6112,0.05
7440,0.38
2392,0.0
4538,0.01
1912,0.04
2613,0.01
75,0.4
4120,0.0
723,0.02
136,0.01
1055,0.4
6356,0.05
2790,0.0
2378,0.0
32,0.0
4314,0.0
5367,0.04
5944,0.0
1675,0.01
6793,0.01
39,0.18
7202,0.01
3145,0.01
321,0.08
7512,0.42
794,0.01
4419,0.01
5510,0.03
4508,0.04
7100,0.0
1071,0.0
1757,0.0
4098,0.01
4207,0.03
1336,0.06
4321,0.04
2662,0.02
50,0.22
4921,0.04
7318,0.28
3877,0.01
1043,0.0
3060,0.0
5002,0.05
3456,0.37
7441,0.0
7430,0.1
7543,0.03
3712,0.02
3653,0.09
1572,0.04
6126,0.13
4010,0.01
1793,0.09
743,0.48
4093,0.03
490,0.1
7109,0.0
7409,0.0
1415,0.09
1053,0.13
3357,0.03
4893,0.25
4273,0.01
5692,0.03
1990,0.01
6516,0.03
63,0.0
6569,0.01
7244,0.04
4955,0.0
5475,0.01
3489,0.01
2096,0.0
6022,0.0
7527,0.44
1076,0.08
625,0.0
3536,0.08
7392,0.0
2588,0.29
5860,0.13
3918,0.0
6634,0.04
400,0.59
952,0.06
4149,0.02
4766,0.01
728,0.04
3740,0.0
2028,0.04
7378,0.01
7313,0.12
1728,0.45
5660,0.07
3455,0.11
4557,0.01
2108,0.06
4597,0.02
6217,0.0
414,0.65
2007,0.34
5922,0.01
6179,0.03
7724,0.01
1432,0.09
318,0.06
1433,0.36
5678,0.04
5448,0.54
1800,0.03
3177,0.0
1359,0.22
6318,0.48
1470,0.55
1628,0.21
4882,0.03
607,0.15
2801,0.04
965,0.12
1721,0.14
7015,0.02
6650,0.02
6211,0.0
3522,0.02
5641,0.01
7309,0.05
7683,0.06
4765,0.07
2609,0.01
6455,0.01
4393,0.02
79,0.12
1023,0.01
6534,0.02
2748,0.0
5016,0.01
6110,0.49
2771,0.03
665,0.11
3054,0.04
5429,0.05
2546,0.0
1403,0.21
5259,0.03
2142,0.17
2359,0.1
4562,0.45
3797,0.0
4219,0.08
848,0.01
387,0.21
8,0.41
466,0.03
1286,0.0
5426,0.01
4497,0.01
2580,0.08
4182,0.0
4220,0.01
288,0.01
6924,0.03
2529,0.0
5249,0.01
7264,0.32
4820,0.1
2015,0.01
3938,0.01
7703,0.04
2115,0.04
6882,0.01
266,0.04
5062,0.07
4525,0.0
2653,0.14
358,0.05
6387,0.13
5754,0.04
2906,0.0
4162,0.06
1339,0.03
880,0.07
7193,0.32
5298,0.01
1979,0.03
6449,0.04
6942,0.03
3556,0.03
1676,0.03
529,0.39
2185,0.14
2980,0.0
2400,0.42
7634,0.01
6269,0.09
6371,0.15
7207,0.02
3460,0.01
4447,0.11
6330,0.0
1961,0.05
2195,0.04
2391,0.02
2339,0.01
2324,0.09
127,0.4
1499,0.29
3428,0.02
5427,0.0
4863,0.03
3323,0.03
7482,0.01
2997,0.02
1533,0.05
6445,0.03
1756,0.01
3627,0.0
6107,0.26
173,0.04
245,0.02
3495,0.05
2074,0.31
6604,0.01
1290,0.28
1583,0.01
7509,0.0
5843,0.04
153,0.42
3384,0.03
6286,0.09
6970,0.0
7044,0.1
1857,0.05
4238,0.0
6368,0.05
4728,0.01
1580,0.0
4687,0.35
1241,0.05
4660,0.0
92,0.27
860,0.04
6691,0.03
3667,0.05
6956,0.01
3757,0.53
3999,0.0
1017,0.04
5708,0.0
4913,0.03
366,0.11
4945,0.02
614,0.55
2956,0.01
34,0.44
5827,0.12
7175,0.02
5042,0.24
5115,0.01
674,0.34
5728,0.0
5330,0.01
738,0.26
2445,0.0
4690,0.01
3801,0.27
5884,0.04
1218,0.01
2299,0.04
5226,0.01
7559,0.05
2088,0.0
3579,0.04
5404,0.01
4857,0.01
6789,0.02
3228,0.42
3471,0.01
7315,0.44
722,0.03
2663,0.03
643,0.05
5964,0.01
2216,0.03
1133,0.01
5972,0.01
3342,0.0
5265,0.01
